episode,total_reward,critic_loss,actor_loss_sim,actor_loss_real,physics_loss,steps
0,-0.1457422858849168,0.0,0.0,0.0,0.0,135
1,-0.14945456545799968,0.0,0.0,0.0,0.0,135
2,-0.15749834854155778,0.0,0.0,0.0,0.0,135
3,-0.1607568583637476,0.0,0.0,0.0,0.0,135
4,-0.15660965595394374,0.0,0.0,0.0,0.0,135
5,-0.15929663844406608,0.0012643472291529179,0.45943784713745117,0.4594545364379883,28.34055519104004,135
6,-0.15997467927634712,0.0005695514846593142,0.450472354888916,0.4504621922969818,27.97709846496582,135
7,-0.16296714860945946,0.0004243184521328658,0.4367845952510834,0.4367692470550537,25.371519088745117,135
8,-0.16681550174951545,0.00035010790452361107,0.436084508895874,0.43603944778442383,28.156742095947266,135
9,-0.17020828641951086,0.0003325908910483122,0.4333600401878357,0.4332946240901947,28.163908004760742,135
10,-0.1741234947741032,0.00030763476388528943,0.4324580729007721,0.4323757588863373,24.289207458496094,135
11,-0.17596915297210222,0.0002755739842541516,0.4304911494255066,0.43039408326148987,27.279090881347656,135
12,-0.1756288044899702,0.0002729350235313177,0.4226340353488922,0.4225254952907562,26.16912078857422,135
13,-0.17887553349137317,0.00027361669344827533,0.4320555627346039,0.4319548010826111,25.845022201538086,135
14,-0.18688953839242464,0.0002845152630470693,0.42727312445640564,0.4271625578403473,24.26076316833496,135
15,-0.18420318741351382,0.00026776010054163635,0.4360067844390869,0.4358963072299957,24.653413772583008,135
16,-0.18680844604969038,0.000256879604421556,0.4367459714412689,0.4366016387939453,23.685213088989258,135
17,-0.19053165394812804,0.0002554564271122217,0.43150362372398376,0.4313688278198242,23.50010871887207,135
18,-0.19158736702054735,0.00023715567658655345,0.435603529214859,0.43545085191726685,22.05417251586914,135
19,-0.1999673435464501,0.0002803355164360255,0.4291142523288727,0.4289693832397461,21.78022575378418,135
20,-0.1989528938755393,0.0003506054054014385,0.4253995418548584,0.4252375662326813,22.900236129760742,135
21,-0.20239485178142785,0.00028587953420355916,0.4341147541999817,0.4339580535888672,23.935009002685547,135
22,-0.20270204987376933,0.0003293202898930758,0.4323601722717285,0.4321953356266022,25.72800636291504,135
23,-0.20554517783224582,0.00028407774516381323,0.43528643250465393,0.4351377487182617,23.239051818847656,135
24,-0.21011999182403082,0.0003105361829511821,0.4367082118988037,0.4365336298942566,21.83614730834961,135
25,-0.21116058293730017,0.0003383251023478806,0.43286919593811035,0.43268853425979614,22.096805572509766,135
26,-0.21516902823001155,0.0003459143918007612,0.43853363394737244,0.4383243918418884,23.178274154663086,135
27,-0.2170334047824144,0.0003624216769821942,0.43210363388061523,0.43192869424819946,23.46303367614746,135
28,-0.21953055024147042,0.00031314740772359073,0.4345569610595703,0.43437105417251587,24.961864471435547,135
29,-0.2239119707792996,0.0003281485696788877,0.4328881800174713,0.4326803684234619,22.690481185913086,135
30,-0.22639354638755313,0.0003153522848151624,0.43429112434387207,0.4340900778770447,22.994516372680664,135
31,-0.2216748318076134,0.00034647624124772847,0.42641681432724,0.42622503638267517,24.28683090209961,135
32,-0.23095669738948352,0.0003457666316535324,0.4366483688354492,0.43646329641342163,24.316585540771484,135
33,-0.23224281728267668,0.0003431887016631663,0.4269713759422302,0.42682671546936035,22.198911666870117,135
34,-0.23489322006702426,0.00035636790562421083,0.4310987889766693,0.430950790643692,25.878637313842773,135
35,-0.23573985915631065,0.00039529119385406375,0.4277321398258209,0.4275856614112854,22.875,135
36,-0.2371955576911568,0.0003324785502627492,0.4354265332221985,0.4353063702583313,22.846134185791016,135
37,-0.23726588234305387,0.00033301746589131653,0.43334871530532837,0.43322739005088806,23.642318725585938,135
38,-0.24315477527678017,0.0003916668356396258,0.435812771320343,0.4357193112373352,21.49651527404785,135
39,-0.2544806156307459,0.00035776058211922646,0.4336455464363098,0.4335702955722809,24.47833251953125,135
40,-0.24310463398694993,0.0003119735629297793,0.42803603410720825,0.4279415011405945,22.753276824951172,135
41,-0.2583395181596279,0.00044274720130488276,0.4267929196357727,0.42671146988868713,22.461658477783203,135
42,-0.2577988084405661,0.00040546496165916324,0.43707865476608276,0.4369935095310211,22.281856536865234,135
43,-0.25414687894284727,0.0003308249870315194,0.4372047781944275,0.437141478061676,23.046728134155273,135
44,-0.26711923032999035,0.00033123709727078676,0.4296496510505676,0.4296018183231354,22.408124923706055,135
45,-0.26444688029587277,0.00035710970405489206,0.42901140451431274,0.4289568066596985,23.853832244873047,135
46,-0.2669978791475293,0.0003330603358335793,0.4381466507911682,0.43808525800704956,21.202735900878906,135
47,-0.26341962113976475,0.0003893970279023051,0.43140679597854614,0.4313298165798187,23.552173614501953,135
48,-0.27555830445140594,0.0004495711182244122,0.429654598236084,0.4295617938041687,23.795255661010742,135
49,-0.2719918425381184,0.0003749377210624516,0.42843538522720337,0.4283445477485657,23.02932357788086,135
50,-0.26944299995899207,0.00036694080336019397,0.4231596887111664,0.423067182302475,24.370952606201172,135
51,-0.27591618895530706,0.0004179994575679302,0.4293300211429596,0.42925935983657837,22.89949607849121,135
52,-0.2842947966232896,0.00034036743454635143,0.43024858832359314,0.4301590919494629,22.934364318847656,135
53,-0.27762310579419136,0.000401047698687762,0.43123188614845276,0.4311397671699524,23.660991668701172,135
54,-0.277246002703905,0.0004497823538258672,0.4295313358306885,0.42945390939712524,23.713369369506836,135
55,-0.28697528414428214,0.0006100558675825596,0.42902740836143494,0.42892447113990784,22.592741012573242,135
56,-0.2934137368202211,0.0003735907084774226,0.43841901421546936,0.43835514783859253,23.828954696655273,135
57,-0.29615114927291875,0.0005149010103195906,0.42337027192115784,0.4232963025569916,20.287145614624023,135
58,-0.2988856755197048,0.00034064101055264473,0.4305018484592438,0.43042856454849243,22.91478157043457,135
59,-0.3003157722204922,0.0003255504125263542,0.42234134674072266,0.42228537797927856,20.635866165161133,135
60,-0.30528055213391775,0.0003764989669434726,0.42399996519088745,0.4240308701992035,21.125322341918945,135
61,-0.30505778074264545,0.000399359327275306,0.42017680406570435,0.42014917731285095,22.680217742919922,135
62,-0.30674575634300716,0.0003529398236423731,0.431306928396225,0.43127456307411194,21.954374313354492,135
63,-0.3165809467434882,0.0004175767535343766,0.4186345934867859,0.4186152517795563,21.606128692626953,135
64,-0.31678292915225004,0.00040569514385424554,0.42125028371810913,0.4212309420108795,22.26791763305664,135
65,-0.31724560946226116,0.000525757553987205,0.4230555593967438,0.4230344295501709,21.87096405029297,135
66,-0.31772387154400356,0.00044318955042399466,0.422832727432251,0.42281174659729004,21.431367874145508,135
67,-0.3227154018729924,0.000334600277710706,0.4247351586818695,0.4247036874294281,21.856897354125977,135
68,-0.3223270136862993,0.0003451616794336587,0.42400988936424255,0.4239766001701355,20.62760353088379,135
69,-0.32105003237724294,0.0004533110186457634,0.4266095757484436,0.4265795648097992,21.37588119506836,135
70,-0.33400513820350175,0.0003972299164161086,0.4192478060722351,0.4192013740539551,19.43158721923828,135
71,-0.32988822281360636,0.000333948468323797,0.4135921001434326,0.4135046899318695,23.129337310791016,135
72,-0.33472007170319557,0.00044362671906128526,0.4145713746547699,0.41452494263648987,21.317054748535156,135
73,-0.3395122129470109,0.0005446621798910201,0.4125056266784668,0.41243258118629456,19.001798629760742,135
74,-0.33926466688513757,0.0006096774595789611,0.4201691746711731,0.42006269097328186,22.378690719604492,135
75,-0.3366549425572157,0.0004183531564194709,0.4213772714138031,0.4212712347507477,21.167932510375977,135
76,-0.3378822030872107,0.0004082975210621953,0.41943931579589844,0.4193345010280609,20.994667053222656,135
77,-0.3500404547899963,0.0005157850100658834,0.422107458114624,0.4220244288444519,20.770532608032227,135
78,-0.34062612533569325,0.0005546082393266261,0.4245738983154297,0.42447179555892944,22.2637996673584,135
79,-0.35253769479691976,0.0004604852001648396,0.41730985045433044,0.4172610640525818,18.49283790588379,135
80,-0.3492405249178408,0.00035707023926079273,0.41168856620788574,0.41163358092308044,21.33611488342285,135
81,-0.34968894913792614,0.0004024603986181319,0.4109957814216614,0.4109116196632385,22.687307357788086,135
82,-0.3619454924762249,0.0005781544605270028,0.4181899428367615,0.41818228363990784,21.913631439208984,135
83,-0.37334855720400806,0.0004043219378218055,0.41883230209350586,0.4187676012516022,20.340431213378906,135
84,-0.3643792729824785,0.0005017830990254879,0.4181080758571625,0.4180406630039215,20.090116500854492,135
85,-0.3692537727206943,0.0008065610891208053,0.40611591935157776,0.4060709476470947,21.152931213378906,135
86,-0.3648861230164765,0.0005154307000339031,0.4167805314064026,0.416680246591568,21.061870574951172,135
87,-0.3731611063331366,0.0003920780145563185,0.4164736866950989,0.41646066308021545,18.72667121887207,135
88,-0.37969020165503026,0.00042953857337124646,0.41008418798446655,0.4100243151187897,21.87885284423828,135
89,-0.3784597308933735,0.0004138908989261836,0.4115050435066223,0.4114503264427185,21.994909286499023,135
90,-0.37325412198901187,0.0004713012313004583,0.4043141007423401,0.40419119596481323,21.175386428833008,135
91,-0.3732637758553027,0.00042669696267694235,0.41138386726379395,0.41131654381752014,21.450956344604492,135
92,-0.3806084468215705,0.00042460375698283315,0.4029264450073242,0.4028612971305847,20.428373336791992,135
93,-0.38748495794832705,0.0004510939179453999,0.40884271264076233,0.4087073802947998,20.164133071899414,135
94,-0.39797520399093617,0.00038377876626327634,0.4069480299949646,0.4068473279476166,19.850872039794922,135
95,-0.3972887138277291,0.0006748237065039575,0.4140121340751648,0.41399288177490234,18.014204025268555,135
96,-0.39631356306374077,0.001648921170271933,0.3872484862804413,0.3872399926185608,17.534778594970703,135
97,-0.3992760719358923,0.0010183764388784766,0.4126869738101959,0.4127572476863861,19.998533248901367,135
98,-0.403093709051609,0.0005952838691882789,0.4171258807182312,0.41717666387557983,17.66706085205078,135
99,-0.4000784797221422,0.0005526894237846136,0.4046451449394226,0.40473756194114685,20.024585723876953,135
100,-0.40399840258061886,0.0004632700583897531,0.4047542214393616,0.40482479333877563,20.327495574951172,135
101,-0.4090643107891084,0.00043765042209997773,0.40172386169433594,0.4018021523952484,17.602855682373047,135
102,-0.4076865955442191,0.0004190810723230243,0.40558677911758423,0.4056416153907776,20.071775436401367,135
103,-0.4140322016179564,0.0004051427240483463,0.405862033367157,0.405921995639801,21.898324966430664,135
104,-0.4143440886586906,0.00038640620186924934,0.40626367926597595,0.40630635619163513,20.76873207092285,135
105,-0.4199694100022314,0.0003416487015783787,0.410302072763443,0.4103427529335022,19.823986053466797,135
106,-0.41929982312023634,0.00030002498533576727,0.40323057770729065,0.4032706320285797,22.605297088623047,135
107,-0.42420105360448357,0.0003265301347710192,0.40287891030311584,0.4029025435447693,20.7069091796875,135
108,-0.4312696687132119,0.00037278482341207564,0.40301841497421265,0.4030357897281647,19.378707885742188,135
109,-0.429974733442068,0.00029831932624801993,0.40895944833755493,0.40897077322006226,17.1607666015625,135
110,-0.43750205844640744,0.00038133381167426705,0.40097180008888245,0.40099209547042847,21.2352294921875,135
111,-0.43568264350295083,0.00036940063000656664,0.40160733461380005,0.40159839391708374,19.294708251953125,135
112,-0.4360979107767344,0.00035494554322212934,0.40077152848243713,0.40076231956481934,20.030467987060547,135
113,-0.442248856499791,0.0003650522558018565,0.40568381547927856,0.40566086769104004,21.263673782348633,135
114,-0.4334792178124191,0.00038506719283759594,0.4017433226108551,0.4017397463321686,21.229679107666016,135
115,-0.4430475014448165,0.0004011531709693372,0.3986976742744446,0.39864498376846313,21.313720703125,135
116,-0.44594883337616914,0.00040056821308098733,0.4020329415798187,0.40199655294418335,19.424795150756836,135
117,-0.44700251862406754,0.00034473463892936707,0.40360480546951294,0.40355125069618225,18.23171615600586,135
118,-0.45325441397726524,0.0004362932522781193,0.3954368531703949,0.3953819274902344,21.07167625427246,135
119,-0.4497615099698304,0.0003661556984297931,0.40939775109291077,0.4093097150325775,19.8421688079834,135
120,-0.44588714919984346,0.00045671925181522965,0.39511898159980774,0.39504605531692505,19.853336334228516,135
121,-0.4633820310980082,0.00048409594455733895,0.4013804495334625,0.4012695252895355,20.812044143676758,135
122,-0.4618806745111942,0.000501986825838685,0.3941214680671692,0.3940357267856598,17.31839370727539,135
123,-0.4740062069892882,0.0004280056746210903,0.39890986680984497,0.39878448843955994,21.6945743560791,135
124,-0.45865593001246485,0.0004882956272922456,0.398554265499115,0.3984127640724182,22.91768455505371,135
125,-0.4599477713555097,0.00045201898319646716,0.39714404940605164,0.39702922105789185,22.81940460205078,135
126,-0.4738034296035765,0.00041738254367373884,0.39682525396347046,0.3966997265815735,17.93804931640625,135
127,-0.48647708795964717,0.0004185755969956517,0.3996271789073944,0.39951077103614807,19.466093063354492,135
128,-0.47206205949187274,0.00045803660759702325,0.4009696841239929,0.400829941034317,21.727210998535156,135
129,-0.4769663080573083,0.00042748713167384267,0.39589738845825195,0.39573904871940613,19.49666976928711,135
130,-0.4904165683686735,0.00044518985669128597,0.3866848349571228,0.3865105211734772,21.030729293823242,135
131,-0.48695929825305945,0.0005107715260237455,0.3942478597164154,0.3940867781639099,18.1839656829834,135
132,-0.49076434545218944,0.00038092111935839057,0.3911844789981842,0.3910103738307953,20.913419723510742,135
133,-0.48907117202878014,0.0003791875496972352,0.40070056915283203,0.40053337812423706,20.97541618347168,135
134,-0.4877556703984735,0.0004555655177682638,0.3879120945930481,0.3877132833003998,19.65268325805664,135
135,-0.4901828861236571,0.0010075144236907363,0.39275652170181274,0.39251095056533813,21.003488540649414,135
136,-0.4967817549407484,0.000585415109526366,0.39379042387008667,0.3936040997505188,18.780040740966797,135
137,-0.4971687695384025,0.0004662585852202028,0.39763927459716797,0.39749231934547424,21.350954055786133,135
138,-0.5051974260807038,0.00043265067506581545,0.3978526294231415,0.39770376682281494,19.70128631591797,135
139,-0.4931486712396146,0.00036917446414008737,0.39360687136650085,0.39344075322151184,21.170286178588867,135
140,-0.505714936852455,0.00046832754742354155,0.38565951585769653,0.38545849919319153,20.8682861328125,135
141,-0.5139605601131917,0.0003920575836673379,0.3898473381996155,0.3896891474723816,20.637346267700195,135
142,-0.5185822339355947,0.0003778016834985465,0.3959919810295105,0.395839124917984,21.29371452331543,135
143,-0.5273291820287705,0.0003673367318697274,0.39229217171669006,0.3921419084072113,20.039724349975586,135
144,-0.5248890533298256,0.00035528832813724875,0.3943784832954407,0.3942394554615021,21.185529708862305,135
145,-0.5368920995295051,0.0004913045559078455,0.38966140151023865,0.3895232081413269,18.606855392456055,135
146,-0.5317785869538784,0.0004891132120974362,0.38816824555397034,0.3880285918712616,21.85034942626953,135
147,-0.5356120072305205,0.0006489607039839029,0.38249701261520386,0.38237592577934265,17.477153778076172,135
148,-0.5451740190386771,0.00045857130317017436,0.38581010699272156,0.38564738631248474,21.29400062561035,135
149,-0.5405282396078109,0.0005106604075990617,0.3839232325553894,0.38376474380493164,20.547109603881836,135
150,-0.5358874781429768,0.0006814792286604643,0.38621047139167786,0.3860255777835846,21.407482147216797,135
151,-0.5479117722809314,0.0007047901744954288,0.3889021873474121,0.38872411847114563,20.27753257751465,135
152,-0.5510211814939977,0.00068059959448874,0.384094774723053,0.3839327394962311,21.786096572875977,135
153,-0.5423957841098307,0.0007463105721399188,0.37998244166374207,0.3798092305660248,20.10704231262207,135
154,-0.5530422434210776,0.00048747024266049266,0.38466110825538635,0.3844853341579437,21.082929611206055,135
155,-0.5370697052776813,0.000662383099552244,0.38451483845710754,0.3843153417110443,18.64506721496582,135
156,-0.5438720731437205,0.0005790697759948671,0.3814883828163147,0.38128066062927246,20.345653533935547,135
157,-0.5504603592306376,0.0007396659348160028,0.3823203444480896,0.38215261697769165,21.493078231811523,135
158,-0.5669288239628075,0.0005815047770738602,0.384037047624588,0.38381996750831604,16.370094299316406,135
159,-0.5485401462763545,0.0008421979146078229,0.3837790787220001,0.3835582137107849,20.087940216064453,135
160,-0.5653377747535702,0.0006664590910077095,0.3878993093967438,0.38776320219039917,19.73872184753418,135
161,-0.5689966885000465,0.0009040508302859962,0.37956616282463074,0.37937629222869873,21.8280029296875,135
162,-0.5800175552070141,0.0008701489423401654,0.38663142919540405,0.386486679315567,20.798254013061523,135
163,-0.5631644199788567,0.0005931115592829883,0.38275137543678284,0.38254839181900024,21.35440444946289,135
164,-0.5678457656502728,0.0008214749395847321,0.37719348073005676,0.3769955337047577,18.08631706237793,135
165,-0.571974513232708,0.0005904193967580795,0.380167692899704,0.3799506425857544,21.08597183227539,135
166,-0.5701639330387118,0.0008846434066072106,0.37344539165496826,0.3732485771179199,17.906064987182617,135
167,-0.5765085586905481,0.0008063712157309055,0.3707156777381897,0.3705366253852844,16.96224594116211,135
168,-0.5635993225872519,0.0005476509686559439,0.38576140999794006,0.38564246892929077,18.07485008239746,135
169,-0.5898568604886527,0.0007617538212798536,0.3803413510322571,0.3801961839199066,16.784143447875977,135
170,-0.585187853872776,0.0009492879034951329,0.3730528950691223,0.37283459305763245,18.426761627197266,135
171,-0.5866207946836948,0.0006614167941734195,0.37719640135765076,0.37698644399642944,17.54503059387207,135
172,-0.59039482280612,0.0008865215349942446,0.37144607305526733,0.3712279796600342,20.06171417236328,135
173,-0.6049385952204468,0.000723889796063304,0.38033348321914673,0.38015931844711304,21.6441707611084,135
174,-0.5997679090499879,0.0007139148656278849,0.38620129227638245,0.38601693511009216,21.50897789001465,135
175,-0.5870833937078717,0.0006523356423713267,0.3807670474052429,0.38056251406669617,20.07406997680664,135
176,-0.6198190048336982,0.0008494230569340289,0.37150177359580994,0.37124741077423096,19.160181045532227,135
177,-0.6124160799384117,0.0007843130733817816,0.37131309509277344,0.3710517883300781,20.611284255981445,135
178,-0.6133879247307782,0.0006928355433046818,0.3751516044139862,0.3749130070209503,18.47085952758789,135
179,-0.6139844846725465,0.0007695648819208145,0.3696520924568176,0.3694308400154114,21.219430923461914,135
180,-0.6136296452581883,0.0007734713726677,0.3711080253124237,0.3708511292934418,18.9631290435791,135
181,-0.6236879241466523,0.0007330350345000625,0.3699646592140198,0.3697897791862488,19.726314544677734,135
182,-0.621228835731745,0.0010037681786343455,0.3701695501804352,0.36991816759109497,21.53585433959961,135
183,-0.6245084363222123,0.0009779328247532248,0.3659003674983978,0.36565154790878296,19.65528678894043,135
184,-0.6315137425065039,0.0005688496166840196,0.37367141246795654,0.3734097182750702,19.94293212890625,135
185,-0.6307657805085181,0.0008269305108115077,0.3701013922691345,0.3698749840259552,20.844179153442383,135
186,-0.6406577306985857,0.0007478285697288811,0.37040430307388306,0.3701513707637787,20.52337074279785,135
187,-0.6137766519188882,0.0006413172231987119,0.37086477875709534,0.37063097953796387,21.23832893371582,135
188,-0.6478942853212362,0.0007469533011317253,0.36989352107048035,0.3696642518043518,19.533843994140625,135
189,-0.6407566407322886,0.0007240134873427451,0.36915722489356995,0.36896246671676636,21.21040916442871,135
190,-0.6315196982026096,0.000652229122351855,0.37277403473854065,0.3725793659687042,18.869140625,135
191,-0.657377040982246,0.0008163083693943918,0.3641747832298279,0.36390066146850586,21.33122444152832,135
192,-0.652495920062065,0.0007140511879697442,0.37139225006103516,0.3712209165096283,21.094314575195312,135
193,-0.6508795413374905,0.0007412736304104328,0.3671879172325134,0.36696332693099976,20.414539337158203,135
194,-0.6547792838513851,0.0007261430146172643,0.36782315373420715,0.3676208257675171,21.35194206237793,135
195,-0.6574204719066622,0.0021530119702219963,0.36092671751976013,0.36064809560775757,20.265031814575195,135
196,-0.6501010191440583,0.0007105671102181077,0.3659344017505646,0.36574018001556396,21.459999084472656,135
197,-0.6815495611727242,0.00045384926488623023,0.36676543951034546,0.3666533827781677,19.5372257232666,135
198,-0.6493428003787994,0.0003979660104960203,0.3627278208732605,0.3626125454902649,21.264101028442383,135
199,-0.6473743170499799,0.00041615619556978345,0.3653731048107147,0.3652539849281311,18.792909622192383,135
200,-0.6578843589127065,0.0002998423879034817,0.36440038681030273,0.3643238842487335,20.56244468688965,135
201,-0.6540985533595084,0.0004190863692201674,0.3611338436603546,0.3610546290874481,21.245410919189453,135
202,-0.6911829605698586,0.00030471236095763743,0.3601076006889343,0.3600674867630005,20.177730560302734,135
203,-0.6832977783679967,0.00030693080043420196,0.36770468950271606,0.367645800113678,21.412729263305664,135
204,-0.688975319564342,0.0004578128282446414,0.3585137724876404,0.3584398925304413,19.0384464263916,135
205,-0.6653538839519023,0.00044412771239876747,0.3581417202949524,0.3580823540687561,21.464815139770508,135
206,-0.6940720947831864,0.0004446015227586031,0.3643292188644409,0.36431533098220825,18.50010871887207,135
207,-0.7063299916684627,0.0004788280348293483,0.36162272095680237,0.361590176820755,21.278976440429688,135
208,-0.6884594355523586,0.00028736330568790436,0.3652563989162445,0.3652355670928955,21.08085823059082,135
209,-0.7099107819795607,0.0003810630296356976,0.3569613993167877,0.356911838054657,20.47828483581543,135
210,-0.680932056605816,0.000533521466422826,0.35607293248176575,0.35608169436454773,21.195438385009766,135
211,-0.7061741282045845,0.000517403008416295,0.3607269525527954,0.36073166131973267,21.032115936279297,135
212,-0.6772022138535978,0.0005905895959585905,0.3609689176082611,0.3609526753425598,21.46165657043457,135
213,-0.6691058395802975,0.0005763876251876354,0.36218732595443726,0.3621329963207245,19.598804473876953,135
214,-0.7216591913998128,0.0008526061428710818,0.3544059097766876,0.3542909026145935,21.09210968017578,135
215,-0.7115330958366397,0.0008194455876946449,0.357429563999176,0.35732129216194153,19.6168155670166,135
216,-0.7148939552903179,0.000817085790913552,0.3533843457698822,0.35328301787376404,20.592187881469727,135
217,-0.7027369552850726,0.0006976720178499818,0.362669974565506,0.36259058117866516,21.349159240722656,135
218,-0.6991403520107271,0.0007868260145187378,0.35566091537475586,0.35558420419692993,20.319656372070312,135
219,-0.7124725762009623,0.0006401361315511167,0.35187485814094543,0.35178494453430176,21.19746971130371,135
220,-0.7185792891681198,0.0007634449284523726,0.355219304561615,0.35505974292755127,19.603120803833008,135
221,-0.741712031364441,0.0008137628901749849,0.35596662759780884,0.3558560013771057,21.3355712890625,135
222,-0.726694838255644,0.0007528642890974879,0.3495931625366211,0.34950539469718933,18.775558471679688,135
223,-0.7305659711360929,0.0007697803084738553,0.35745757818222046,0.3573688268661499,21.45074462890625,135
224,-0.7147141237556933,0.0007916160393506289,0.3506121039390564,0.35049575567245483,20.989521026611328,135
225,-0.7474446031451225,0.0006600735359825194,0.35568225383758545,0.35557475686073303,20.5365047454834,135
226,-0.7463738346099855,0.0006373764481395483,0.3554007411003113,0.35528916120529175,20.963388442993164,135
227,-0.7439106325805187,0.0007510309806093574,0.34791845083236694,0.3478083610534668,20.60552978515625,135
228,-0.7395329135656358,0.0006314541678875685,0.35470014810562134,0.35458216071128845,21.505443572998047,135
229,-0.7393279398977758,0.0008026578580029309,0.3467062711715698,0.34660565853118896,19.818588256835938,135
230,-0.7471496778726576,0.0007312294910661876,0.3509965240955353,0.3508838415145874,21.17493438720703,135
231,-0.7612580932676795,0.0008094994118437171,0.3493695855140686,0.3492686152458191,18.743391036987305,135
232,-0.7226268623769282,0.0007623088895343244,0.3491927981376648,0.3490442633628845,20.698759078979492,135
233,-0.7420380754768847,0.0008969520567916334,0.34249818325042725,0.3423584997653961,21.308025360107422,135
234,-0.7643317496776579,0.0005644115735776722,0.34794142842292786,0.34788185358047485,20.01085090637207,135
235,-0.7561326181888582,0.0009721770184114575,0.3413771986961365,0.3412282466888428,20.94731903076172,135
236,-0.7748801293969155,0.0009185795788653195,0.3411157727241516,0.3410741686820984,18.74435806274414,135
237,-0.7666503193974497,0.0008871731115505099,0.3416842818260193,0.34157249331474304,21.593772888183594,135
238,-0.7585583722591399,0.0006360789993777871,0.3451441526412964,0.3450666069984436,19.635841369628906,135
239,-0.7534560184180737,0.0009008626220747828,0.339328408241272,0.33924487233161926,21.211164474487305,135
240,-0.7826473754644394,0.0007544987602159381,0.3505348265171051,0.3504856526851654,20.965822219848633,135
241,-0.7789441385865213,0.0006871594814583659,0.3451765179634094,0.34512004256248474,20.647207260131836,135
242,-0.7838280795514583,0.0006802526768296957,0.3462548851966858,0.3461277484893799,21.27410888671875,135
243,-0.7898279324918989,0.0005879054078832269,0.3446677625179291,0.344557523727417,20.122831344604492,135
244,-0.7779527845978734,0.0005285819643177092,0.34701022505760193,0.3469083309173584,21.2260799407959,135
245,-0.7794368354976176,0.0007765167392790318,0.34076544642448425,0.34064990282058716,18.8035945892334,135
246,-0.7806196366250514,0.0006944003980606794,0.34348368644714355,0.34342437982559204,21.48249053955078,135
247,-0.7790595838427543,0.0006631706492044032,0.34509506821632385,0.3450646996498108,19.703657150268555,135
248,-0.7813818854093555,0.0008462676196359098,0.3345092236995697,0.33445030450820923,20.035608291625977,135
249,-0.8083340518176559,0.0007615957874804735,0.33979082107543945,0.3397703766822815,20.958038330078125,135
250,-0.803551361560822,0.0007600396638736129,0.3306260108947754,0.3305605351924896,20.580303192138672,135
251,-0.8128861740231514,0.0008304742514155805,0.3381393253803253,0.33809641003608704,21.327499389648438,135
252,-0.7904730555415154,0.000937996432185173,0.33945560455322266,0.3393736779689789,19.68248748779297,135
253,-0.8164221419394017,0.0005888779414817691,0.34072065353393555,0.3406819701194763,21.17767906188965,135
254,-0.8306948025524616,0.0008062085835263133,0.33334141969680786,0.3332245945930481,17.75141143798828,135
255,-0.8096773508191103,0.0005616786074824631,0.3405037522315979,0.34044384956359863,21.419363021850586,135
256,-0.8206817252933977,0.0008112482028082013,0.3443972170352936,0.3443306088447571,21.254953384399414,135
257,-0.800325517356396,0.0005879431264474988,0.33941590785980225,0.3394254744052887,20.24858283996582,135
258,-0.8169701994955539,0.0007716813706792891,0.3352438509464264,0.33517923951148987,20.71347999572754,135
259,-0.814644829630852,0.0006565978983417153,0.33864718675613403,0.3385770618915558,20.436330795288086,135
260,-0.8068918716907509,0.0006196523318067193,0.3336830735206604,0.3336312174797058,21.357065200805664,135
261,-0.8191953450441359,0.0005544357118196785,0.3407476842403412,0.3407098352909088,19.299331665039062,135
262,-0.8535500271618368,0.0009360959520563483,0.33347535133361816,0.33340686559677124,21.27838897705078,135
263,-0.8290471634268761,0.0008987239561975002,0.33168429136276245,0.33163413405418396,19.138891220092773,135
264,-0.833083900660276,0.0004874195728916675,0.3391733467578888,0.3390413224697113,20.402347564697266,135
265,-0.8409855531156064,0.0007241271669045091,0.33681774139404297,0.33675503730773926,21.17084503173828,135
266,-0.8306451092660426,0.0007919683121144772,0.3332638144493103,0.3331988751888275,20.2934627532959,135
267,-0.8356706410646438,0.0013107939157634974,0.3367721438407898,0.3367442488670349,21.12578582763672,135
268,-0.8536374941468241,0.0007785145426169038,0.33270716667175293,0.3325541019439697,19.23000717163086,135
269,-0.8583718319237239,0.0006625156966038048,0.33336585760116577,0.3332537114620209,21.353633880615234,135
270,-0.835649674385786,0.0005162489833310246,0.32917898893356323,0.3290329575538635,19.280288696289062,135
271,-0.860861554145813,0.0006301806424744427,0.3293663561344147,0.3292977213859558,21.332693099975586,135
272,-0.8679855240881446,0.0006570913828909397,0.3291277289390564,0.3290759325027466,21.122718811035156,135
273,-0.8842927426099781,0.0004994343034923077,0.3325137197971344,0.3324335217475891,20.366588592529297,135
274,-0.8517117393761874,0.000602578860707581,0.3282805383205414,0.32813480496406555,21.151771545410156,135
275,-0.8393601760268211,0.0005325729725882411,0.32752031087875366,0.3274535536766052,20.280847549438477,135
276,-0.875505020916462,0.0006233861786313355,0.3272150754928589,0.32708606123924255,21.32992935180664,135
277,-0.8383620990812782,0.0005365881370380521,0.32811564207077026,0.32799476385116577,19.217966079711914,135
278,-0.8933308048546315,0.0004897434264421463,0.32867616415023804,0.3284987807273865,21.35865592956543,135
279,-0.8655650250613688,0.0006026155315339565,0.3266708254814148,0.32650870084762573,19.557222366333008,135
280,-0.896660560667515,0.0004944829270243645,0.33130568265914917,0.3312053084373474,20.325923919677734,135
281,-0.8634626255929462,0.0006794098298996687,0.32553431391716003,0.3254372477531433,21.13031768798828,135
282,-0.8823086540400982,0.0005153152160346508,0.3269284665584564,0.3268500566482544,20.336441040039062,135
283,-0.874292493760586,0.000472240149974823,0.3253178596496582,0.32534921169281006,21.14188575744629,135
284,-0.8943569673597811,0.0007920269854366779,0.32164281606674194,0.32155221700668335,19.28262710571289,135
285,-0.8751825246214864,0.0012560570612549782,0.32904747128486633,0.32889530062675476,21.331159591674805,135
286,-0.8986459545791146,0.0007408240926451981,0.32109272480010986,0.32087525725364685,18.76711082458496,135
287,-0.8954369667172433,0.00045687734382227063,0.32426610589027405,0.3240756094455719,21.368303298950195,135
288,-0.8815094785392287,0.00034162908559665084,0.327003538608551,0.3268240988254547,21.159116744995117,135
289,-0.9304436446726315,0.00037231564056128263,0.32004299759864807,0.319896399974823,20.28811264038086,135
290,-0.9207114738225938,0.0002615989651530981,0.32421621680259705,0.32407116889953613,21.096189498901367,135
291,-0.9102034775912762,0.00028362631564959884,0.32332494854927063,0.3231831192970276,20.354808807373047,135
292,-0.9098349592089654,0.00020935575594194233,0.32271185517311096,0.3225448429584503,21.362171173095703,135
293,-0.9138315690308807,0.00031923415372148156,0.3171323239803314,0.3169681429862976,19.281204223632812,135
294,-0.9086732038855553,0.0002458920644130558,0.32262688875198364,0.3225364685058594,21.331151962280273,135
295,-0.9107213965058327,0.00025491308770142496,0.3170072138309479,0.3169247806072235,18.74691390991211,135
296,-0.9343763753771782,0.0002863933623302728,0.3212585747241974,0.3211645483970642,20.378374099731445,135
297,-0.9269397111237048,0.00030329384026117623,0.32066747546195984,0.3205660879611969,21.150617599487305,135
298,-0.9106054666638376,0.00030660719494335353,0.3203694820404053,0.3202420771121979,20.239606857299805,135
299,-0.9403071416914461,0.00031625828705728054,0.3200186491012573,0.31993240118026733,21.043170928955078,135
300,-0.9715451312065123,0.00029789525433443487,0.3193609118461609,0.31921863555908203,18.97306251525879,135
301,-0.9225164812803273,0.00041165584116242826,0.31504836678504944,0.3149731457233429,21.37744903564453,135
302,-0.9445706179738048,0.0003379758563823998,0.317568302154541,0.31743893027305603,19.674495697021484,135
303,-0.9454745015501973,0.00043307722080498934,0.31420060992240906,0.31409841775894165,18.470544815063477,135
304,-0.9365992741286757,0.0004267655895091593,0.31408244371414185,0.3140025734901428,18.34512710571289,135
305,-0.9366730746626853,0.00034248721203766763,0.31988945603370667,0.31979697942733765,18.390300750732422,135
306,-0.9607287079095842,0.00047064750106073916,0.3144727945327759,0.314355731010437,21.564231872558594,135
307,-0.9598594142496581,0.0005128681077621877,0.313738077878952,0.3136327266693115,18.944290161132812,135
308,-0.9290865750610827,0.00036946882028132677,0.3148353099822998,0.31472182273864746,20.896604537963867,135
309,-0.9638937291502954,0.000339012301992625,0.31793373823165894,0.31786999106407166,17.708711624145508,135
310,-0.9548555412888527,0.0004653590149246156,0.3100038468837738,0.30986934900283813,21.695661544799805,135
311,-0.9296860758960249,0.0004541646339930594,0.31685274839401245,0.3167389929294586,20.110445022583008,135
312,-0.9635605739057064,0.0004369958769530058,0.30929601192474365,0.30917784571647644,19.576141357421875,135
313,-0.9573431740701198,0.0005029739113524556,0.3132643401622772,0.3131275773048401,20.658462524414062,135
314,-0.9367408853769306,0.00045459711691364646,0.31217697262763977,0.3120821416378021,20.885438919067383,135
315,-0.9718364301323891,0.0005410283920355141,0.312773734331131,0.3126961290836334,21.513599395751953,135
316,-0.9782625663280483,0.000630148802883923,0.30857059359550476,0.3085193634033203,20.091323852539062,135
317,-0.9535084176063539,0.0005763063672930002,0.3050036132335663,0.3048931956291199,20.935382843017578,135
318,-0.9843747358024125,0.0004331105446908623,0.3096054196357727,0.30951127409935,17.744171142578125,135
319,-0.9754380816221241,0.0003850143402814865,0.3058176636695862,0.3056485652923584,21.688249588012695,135
320,-0.9970521858334543,0.0005987274344079196,0.3070201277732849,0.3067990243434906,21.50997543334961,135
321,-0.9799795372784132,0.0005788086564280093,0.31066808104515076,0.3106692433357239,19.581180572509766,135
322,-0.9994624885916711,0.0006742142140865326,0.30623871088027954,0.3060874342918396,20.66641616821289,135
323,-0.9579824233055116,0.0004384258936624974,0.3144279420375824,0.31429973244667053,20.865392684936523,135
324,-0.9727621717751026,0.00047472771257162094,0.3036869466304779,0.30347469449043274,21.682069778442383,135
325,-1.0073270577192308,0.0006192660075612366,0.30281853675842285,0.3027271032333374,20.098691940307617,135
326,-0.9911726209521292,0.0004734993271995336,0.30780118703842163,0.3076567053794861,20.936969757080078,135
327,-0.9844109833240507,0.0003964644856750965,0.3062919080257416,0.3060706555843353,17.747596740722656,135
328,-1.0116013531386856,0.0004269127966836095,0.3071123957633972,0.3070988059043884,20.863811492919922,135
329,-1.019236131310463,0.0005877197254449129,0.3047204613685608,0.30468812584877014,21.50779151916504,135
330,-1.0248963451385502,0.0005477832746692002,0.2991843521595001,0.29912009835243225,19.588294982910156,135
331,-1.034622800797224,0.0004918139893561602,0.3045754134654999,0.3045012354850769,20.67019271850586,135
332,-1.0400335571169859,0.0005288600223138928,0.30342233180999756,0.30336567759513855,17.795324325561523,135
333,-1.0171148994565007,0.0004730887012556195,0.3065569996833801,0.3064800202846527,21.67892074584961,135
334,-1.0132356777787213,0.00048498925752937794,0.29924240708351135,0.29922181367874146,20.101293563842773,135
335,-1.011169531345368,0.00045445479918271303,0.30353495478630066,0.303415983915329,20.93120765686035,135
336,-1.0188160541653632,0.0005789467832073569,0.2965892255306244,0.2965104281902313,20.668956756591797,135
337,-1.0068733462691308,0.0005189344519749284,0.30256178975105286,0.3024976849555969,20.863590240478516,135
338,-1.0340073271095753,0.0004622007254511118,0.30600255727767944,0.30593135952949524,21.507213592529297,135
339,-1.068071703016758,0.0005484373541548848,0.3005799651145935,0.30052945017814636,19.677989959716797,135
340,-1.0383524033427232,0.00054208654910326,0.2982249855995178,0.29809218645095825,20.93316650390625,135
341,-1.0416038900613787,0.00043800316052511334,0.30221274495124817,0.30209648609161377,17.750627517700195,135
342,-1.027471210956573,0.0005644559860229492,0.30114299058914185,0.3010379672050476,21.684049606323242,135
343,-1.040044245421886,0.0006770445615984499,0.2972368597984314,0.2971315085887909,20.102310180664062,135
344,-1.0483916871249668,0.00045663240598514676,0.29912900924682617,0.29902273416519165,19.580543518066406,135
345,-1.0535295656323433,0.0006090496317483485,0.2962096333503723,0.2960345149040222,20.66187286376953,135
346,-1.0665555669367308,0.0004789411323145032,0.30600064992904663,0.3058830201625824,20.869375228881836,135
347,-1.0792932784557345,0.0007279590936377645,0.2949272692203522,0.29480108618736267,21.508272171020508,135
348,-1.0178710460662839,0.0006706347921863198,0.2948406934738159,0.2947573959827423,20.09946060180664,135
349,-1.0734066441655157,0.0005299772601574659,0.30038827657699585,0.30027511715888977,20.932138442993164,135
350,-1.050512599796057,0.0007241182029247284,0.2921677231788635,0.29207926988601685,17.742921829223633,135
351,-1.0610993015766144,0.000537741172593087,0.295913428068161,0.2958345413208008,21.683473587036133,135
352,-1.0627806878089898,0.0007430989062413573,0.290103554725647,0.2900161147117615,21.507694244384766,135
353,-1.0648631253838536,0.0005623355973511934,0.2943287491798401,0.29430878162384033,19.590547561645508,135
354,-1.0928555253148076,0.00043108416139148176,0.3012850284576416,0.3011828362941742,20.669313430786133,135
355,-1.0959927761554717,0.0006573365535587072,0.2895794212818146,0.2895287871360779,20.864055633544922,135
356,-1.0525993284583095,0.0006858741398900747,0.28877148032188416,0.2887834906578064,21.68878936767578,135
357,-1.067896425127983,0.0005816466873511672,0.2902374863624573,0.2901633381843567,20.10472297668457,135
358,-1.097862109541893,0.00045038136886432767,0.2993474006652832,0.29923173785209656,20.927095413208008,135
359,-1.0766105821728704,0.0005770291900262237,0.2899252772331238,0.2898366153240204,17.725114822387695,135
360,-1.0631806595623494,0.0006805902812629938,0.28670626878738403,0.2866026759147644,20.86437225341797,135
361,-1.1135690779983993,0.0006084570195525885,0.2875402569770813,0.28739407658576965,21.507522583007812,135
362,-1.1117791996896267,0.0005253255949355662,0.28949683904647827,0.2894035577774048,19.589153289794922,135
363,-1.0998455859720704,0.000649882887955755,0.28786230087280273,0.28776687383651733,20.671207427978516,135
364,-1.0886394762992855,0.0005117495893500745,0.2915263772010803,0.2914300560951233,17.75690269470215,135
